Observation Id,Observation Timestamp,Manufacturer,Product Name,Serial Number,Implant Date,Battery Voltage,Estimated Longevity Years,Battery Status,Atrial Lead Impedance (Ohms),Atrial Pacing Threshold (V),Atrial Sensing Amplitude (mV),Atrial Capture Status,Ventricular Lead Impedance (Ohms),Ventricular Pacing Threshold (V),Ventricular Sensing Amplitude (mV),Ventricular Capture Status,Pacing Mode,Lower Rate Limit (bpm),Upper Tracking Rate (bpm),AV Delay (ms),Atrial Pacing Percentage,Ventricular Pacing Percentage,Intrinsic Rate (bpm),AF Burden (%),VT Episodes,VF Episodes,Episode Type,Episode Duration (s),Episode Timestamp,Alert Code,Alert Description,Alert Severity,Alert Timestamp,Transmission Timestamp,Signal Strength,Transmission Status
PE-0001,2025-06-19T23:30:00Z,Medtronic,Dual Chamber MRI Surescan Pacemaker,PSM482917,6/20/2025,3.02,10.3,Normal,573,0.67,3.8,Stable,654,0.83,8.2,Stable,DDDR,60,130,150,41,82,56,0,0,0,,0,,,,,,2025-06-20T00:00:00Z,Good,Successful
PE-0002,2025-06-20T00:34:00Z,Medtronic,Dual Chamber MRI Surescan Pacemaker,PSM482917,6/20/2025,3.04,10.2,Normal,563,0.75,3.2,Stable,621,0.88,9.1,Stable,DDDR,60,130,150,41,84,66,0,0,0,,0,,,,,,2025-06-20T01:00:00Z,Good,Successful
PE-0003,2025-06-20T01:25:00Z,Medtronic,Dual Chamber MRI Surescan Pacemaker,PSM482917,6/20/2025,3.02,10.2,Normal,555,0.67,3.8,Stable,629,0.98,9,Stable,DDDR,60,130,150,39,95,58,0,0,0,,0,,,,,,2025-06-20T02:00:00Z,Good,Successful
PE-0004,2025-06-20T02:23:00Z,Medtronic,Dual Chamber MRI Surescan Pacemaker,PSM482917,6/20/2025,3.03,10.2,Normal,552,0.75,3.5,Stable,642,0.85,8.2,Stable,DDDR,60,130,150,41,87,58,0,0,0,,0,,,,,,2025-06-20T03:00:00Z,Good,Successful
PE-0005,2025-06-20T03:35:00Z,Medtronic,Dual Chamber MRI Surescan Pacemaker,PSM482917,6/20/2025,3.02,10.2,Normal,598,0.68,3.6,Stable,646,0.89,8.9,Stable,DDDR,60,130,150,43,87,52,0,0,0,,0,,,,,,2025-06-20T04:00:00Z,Good,Successful
PE-0006,2025-06-20T04:22:00Z,Medtronic,Dual Chamber MRI Surescan Pacemaker,PSM482917,6/20/2025,3.02,10.2,Normal,550,0.68,3.5,Stable,671,1.13,9,Stable,DDDR,60,130,150,57,85,62,0,0,0,,0,,,,,,2025-06-20T05:00:00Z,Good,Successful
PE-0007,2025-06-20T05:25:00Z,Medtronic,Dual Chamber MRI Surescan Pacemaker,PSM482917,6/20/2025,3.03,10.2,Normal,568,0.7,3.5,Stable,644,0.94,8.8,Stable,DDDR,60,130,150,41,90,64,0,0,0,,0,,,,,,2025-06-20T06:00:00Z,Good,Successful
PE-0008,2025-06-20T06:35:00Z,Medtronic,Dual Chamber MRI Surescan Pacemaker,PSM482917,6/20/2025,3.03,10.2,Normal,570,0.66,3.6,Stable,640,0.91,8.7,Stable,DDDR,60,130,150,39,90,45,0,0,0,,0,,,,,,2025-06-20T07:00:00Z,Good,Successful
PE-0009,2025-06-20T07:21:00Z,Medtronic,Dual Chamber MRI Surescan Pacemaker,PSM482917,6/20/2025,3.02,10.2,Normal,578,0.72,3.6,Stable,629,0.81,8.4,Stable,DDDR,60,130,150,48,87,62,0,0,0,,0,,,,,,2025-06-20T08:00:00Z,Excellent,Successful
PE-0010,2025-06-20T08:35:00Z,Medtronic,Dual Chamber MRI Surescan Pacemaker,PSM482917,6/20/2025,2.99,10.2,Normal,577,0.8,3.5,Stable,621,0.87,9,Stable,DDDR,60,130,150,45,98,60,0,0,0,,0,,,,,,2025-06-20T09:00:00Z,Fair,Successful
PE-0011,2025-06-20T09:27:00Z,Medtronic,Dual Chamber MRI Surescan Pacemaker,PSM482917,6/20/2025,3.02,10.1,Normal,544,0.59,3.7,Stable,619,0.88,8.4,Stable,DDDR,60,130,150,41,89,61,0,0,0,,0,,,,,,2025-06-20T10:00:00Z,Excellent,Successful
PE-0012,2025-06-20T10:21:00Z,Medtronic,Dual Chamber MRI Surescan Pacemaker,PSM482917,6/20/2025,3.02,10.2,Normal,560,0.72,3.6,Stable,656,0.83,9.1,Stable,DDDR,60,130,150,40,86,57,0,0,0,,0,,,,,,2025-06-20T11:00:00Z,Good,Successful
PE-0013,2025-06-20T11:38:00Z,Medtronic,Dual Chamber MRI Surescan Pacemaker,PSM482917,6/20/2025,3.02,10,Normal,570,0.58,3.8,Stable,625,0.85,8.8,Stable,DDDR,60,130,150,43,95,57,0,0,0,,0,,,,,,2025-06-20T12:00:00Z,Good,Successful
PE-0014,2025-06-20T12:27:00Z,Medtronic,Dual Chamber MRI Surescan Pacemaker,PSM482917,6/20/2025,3.02,10.2,Normal,565,0.72,3.5,Stable,669,0.93,8.5,Stable,DDDR,60,130,150,38,90,56,0,0,0,,0,,,,,,2025-06-20T13:00:00Z,Good,Successful
PE-0015,2025-06-20T13:35:00Z,Medtronic,Dual Chamber MRI Surescan Pacemaker,PSM482917,6/20/2025,3.02,10.2,Normal,550,0.6,3.4,Stable,652,0.85,7.2,Stable,DDDR,60,130,150,35,92,55,0,0,0,,0,,,,,,2025-06-20T14:00:00Z,Good,Successful
PE-0016,2025-06-20T14:21:00Z,Medtronic,Dual Chamber MRI Surescan Pacemaker,PSM482917,6/20/2025,3,10.2,Normal,553,0.67,3.8,Stable,663,0.92,10.1,Stable,DDDR,60,130,150,38,88,60,0,0,0,,0,,,,,,2025-06-20T15:00:00Z,Excellent,Successful
PE-0017,2025-06-20T15:37:00Z,Medtronic,Dual Chamber MRI Surescan Pacemaker,PSM482917,6/20/2025,3.03,10.2,Normal,559,0.71,3.3,Stable,637,0.8,8.7,Stable,DDDR,60,130,150,36,91,52,0,0,0,,0,,,,,,2025-06-20T16:00:00Z,Good,Successful
PE-0018,2025-06-20T16:36:00Z,Medtronic,Dual Chamber MRI Surescan Pacemaker,PSM482917,6/20/2025,3.01,10.2,Normal,543,0.63,3.8,Stable,667,0.82,8.2,Stable,DDDR,60,130,150,34,94,55,0,0,0,,0,,,,,,2025-06-20T17:00:00Z,Excellent,Successful
PE-0019,2025-06-20T17:24:00Z,Medtronic,Dual Chamber MRI Surescan Pacemaker,PSM482917,6/20/2025,3.01,10.1,Normal,560,0.71,3.7,Stable,634,1,8.3,Stable,DDDR,60,130,150,43,81,67,0,0,0,,0,,,,,,2025-06-20T18:00:00Z,Excellent,Successful
PE-0020,2025-06-20T18:38:00Z,Medtronic,Dual Chamber MRI Surescan Pacemaker,PSM482917,6/20/2025,3.02,10.1,Normal,569,0.73,3.6,Stable,640,0.95,8.5,Stable,DDDR,60,130,150,34,89,60,0,0,0,,0,,,,,,2025-06-20T19:00:00Z,Good,Successful
PE-0021,2025-06-20T19:39:00Z,Medtronic,Dual Chamber MRI Surescan Pacemaker,PSM482917,6/20/2025,3.01,10.2,Normal,568,0.74,3.7,Stable,614,0.94,9,Stable,DDDR,60,130,150,34,87,58,0,0,0,,0,,,,,,2025-06-20T20:00:00Z,Poor,Successful
PE-0022,2025-06-20T20:34:00Z,Medtronic,Dual Chamber MRI Surescan Pacemaker,PSM482917,6/20/2025,3.02,10.1,Normal,568,0.63,3.8,Stable,615,0.94,9.3,Stable,DDDR,60,130,150,36,80,71,0,0,0,,0,,,,,,2025-06-20T21:00:00Z,Good,Successful
PE-0023,2025-06-20T21:25:00Z,Medtronic,Dual Chamber MRI Surescan Pacemaker,PSM482917,6/20/2025,3.01,10.1,Normal,547,0.74,3.6,Stable,629,0.88,8.8,Stable,DDDR,60,130,150,51,98,60,0,0,0,,0,,,,,,2025-06-20T22:00:00Z,Excellent,Successful
PE-0024,2025-06-20T22:30:00Z,Medtronic,Dual Chamber MRI Surescan Pacemaker,PSM482917,6/20/2025,3.01,10.2,Normal,536,0.67,3.8,Stable,648,0.95,9.3,Stable,DDDR,60,130,150,41,89,55,0,0,0,,0,,,,,,2025-06-20T23:00:00Z,Excellent,Successful
PE-0025,2025-06-20T23:25:00Z,Medtronic,Dual Chamber MRI Surescan Pacemaker,PSM482917,6/20/2025,3.01,10.1,Normal,565,0.73,3.8,Stable,647,0.86,9.3,Stable,DDDR,60,130,150,34,97,59,0,0,0,,0,,,,,,2025-06-21T00:00:00Z,Good,Successful
PE-0026,2025-06-21T00:32:00Z,Medtronic,Dual Chamber MRI Surescan Pacemaker,PSM482917,6/20/2025,3.01,10.1,Normal,549,0.76,3.7,Stable,654,0.95,8.9,Stable,DDDR,60,130,150,39,87,62,0,0,0,,0,,,,,,2025-06-21T01:00:00Z,Fair,Successful
PE-0027,2025-06-21T01:30:00Z,Medtronic,Dual Chamber MRI Surescan Pacemaker,PSM482917,6/20/2025,3.01,10.2,Normal,566,0.67,3.4,Stable,645,0.86,8.6,Stable,DDDR,60,130,150,36,94,60,0,0,0,,0,,,,,,2025-06-21T02:00:00Z,Excellent,Successful
PE-0028,2025-06-21T02:39:00Z,Medtronic,Dual Chamber MRI Surescan Pacemaker,PSM482917,6/20/2025,3.01,10.1,Normal,584,0.72,3.4,Stable,611,0.94,8.5,Stable,DDDR,60,130,150,41,89,61,0,0,0,,0,,,,,,2025-06-21T03:00:00Z,Good,Successful
PE-0029,2025-06-21T03:36:00Z,Medtronic,Dual Chamber MRI Surescan Pacemaker,PSM482917,6/20/2025,3.02,10.2,Normal,563,0.66,3.3,Stable,630,0.93,8.6,Stable,DDDR,60,130,150,36,88,55,0,0,0,,0,,,,,,2025-06-21T04:00:00Z,Good,Successful
PE-0030,2025-06-21T04:24:00Z,Medtronic,Dual Chamber MRI Surescan Pacemaker,PSM482917,6/20/2025,3.02,10.2,Normal,557,0.64,3.4,Stable,632,0.92,9,Stable,DDDR,60,130,150,40,81,65,0,0,0,,0,,,,,,2025-06-21T05:00:00Z,Good,Successful
PE-0031,2025-06-21T05:22:00Z,Medtronic,Dual Chamber MRI Surescan Pacemaker,PSM482917,6/20/2025,3.01,10.2,Normal,549,0.76,3.8,Stable,648,0.8,9.3,Stable,DDDR,60,130,150,46,93,49,0,0,0,,0,,,,,,2025-06-21T06:00:00Z,Excellent,Successful
PE-0032,2025-06-21T06:24:00Z,Medtronic,Dual Chamber MRI Surescan Pacemaker,PSM482917,6/20/2025,3.01,10.2,Normal,546,0.63,3.8,Stable,655,0.85,9.6,Stable,DDDR,60,130,150,51,92,57,0,0,0,,0,,,,,,2025-06-21T07:00:00Z,Excellent,Successful
PE-0033,2025-06-21T07:22:00Z,Medtronic,Dual Chamber MRI Surescan Pacemaker,PSM482917,6/20/2025,3.04,10.2,Normal,579,0.76,3.6,Stable,627,0.96,7.9,Stable,DDDR,60,130,150,41,87,55,0,0,0,,0,,,,,,2025-06-21T08:00:00Z,Fair,Successful
PE-0034,2025-06-21T08:30:00Z,Medtronic,Dual Chamber MRI Surescan Pacemaker,PSM482917,6/20/2025,3.02,10.1,Normal,524,0.75,3.6,Stable,613,0.89,8.9,Stable,DDDR,60,130,150,49,90,63,0,0,0,,0,,,,,,2025-06-21T09:00:00Z,Good,Successful
PE-0035,2025-06-21T09:35:00Z,Medtronic,Dual Chamber MRI Surescan Pacemaker,PSM482917,6/20/2025,3.02,10.2,Normal,557,0.64,3.4,Stable,648,0.89,8.4,Stable,DDDR,60,130,150,29,95,68,0,0,0,,0,,,,,,2025-06-21T10:00:00Z,Excellent,Successful
PE-0036,2025-06-21T10:30:00Z,Medtronic,Dual Chamber MRI Surescan Pacemaker,PSM482917,6/20/2025,3.02,10.2,Normal,578,0.68,3.6,Stable,665,0.88,9.2,Stable,DDDR,60,130,150,46,90,67,0,0,0,,0,,,,,,2025-06-21T11:00:00Z,Good,Successful
PE-0037,2025-06-21T11:28:00Z,Medtronic,Dual Chamber MRI Surescan Pacemaker,PSM482917,6/20/2025,3,10.2,Normal,545,0.7,3.5,Stable,665,0.96,8.3,Stable,DDDR,60,130,150,36,95,59,0,0,0,,0,,,,,,2025-06-21T12:00:00Z,Poor,Successful
PE-0038,2025-06-21T12:20:00Z,Medtronic,Dual Chamber MRI Surescan Pacemaker,PSM482917,6/20/2025,3.01,10.2,Normal,559,0.64,3.6,Stable,634,0.91,9.3,Stable,DDDR,60,130,150,43,79,69,0,0,0,,0,,,,,,2025-06-21T13:00:00Z,Excellent,Successful
PE-0039,2025-06-21T13:20:00Z,Medtronic,Dual Chamber MRI Surescan Pacemaker,PSM482917,6/20/2025,2.99,10.2,Normal,556,0.7,3.7,Stable,637,0.88,9.5,Stable,DDDR,60,130,150,45,90,59,0,0,0,,0,,,,,,2025-06-21T14:00:00Z,Excellent,Successful
PE-0040,2025-06-21T14:23:00Z,Medtronic,Dual Chamber MRI Surescan Pacemaker,PSM482917,6/20/2025,3.02,10.2,Normal,569,0.67,3.4,Stable,629,0.86,7.5,Stable,DDDR,60,130,150,35,90,58,0,0,0,,0,,,,,,2025-06-21T15:00:00Z,Good,Successful
PE-0041,2025-06-21T15:26:00Z,Medtronic,Dual Chamber MRI Surescan Pacemaker,PSM482917,6/20/2025,3.03,10.2,Normal,582,0.69,3.6,Stable,662,0.89,9.6,Stable,DDDR,60,130,150,44,88,61,0,0,0,,0,,,,,,2025-06-21T16:00:00Z,Good,Successful
PE-0042,2025-06-21T16:24:00Z,Medtronic,Dual Chamber MRI Surescan Pacemaker,PSM482917,6/20/2025,3.01,10.2,Normal,554,0.63,3.8,Stable,637,0.88,8.7,Stable,DDDR,60,130,150,39,91,65,0,0,0,,0,,,,,,2025-06-21T17:00:00Z,Fair,Successful
PE-0043,2025-06-21T17:32:00Z,Medtronic,Dual Chamber MRI Surescan Pacemaker,PSM482917,6/20/2025,3.03,10.2,Normal,545,0.65,3.5,Stable,653,0.96,8.5,Stable,DDDR,60,130,150,28,87,56,0,0,0,,0,,,,,,2025-06-21T18:00:00Z,Excellent,Successful
PE-0044,2025-06-21T18:27:00Z,Medtronic,Dual Chamber MRI Surescan Pacemaker,PSM482917,6/20/2025,3,10.1,Normal,550,0.69,3.4,Stable,641,0.91,8.7,Stable,DDDR,60,130,150,37,91,64,0,0,0,,0,,,,,,2025-06-21T19:00:00Z,Good,Successful
PE-0045,2025-06-21T19:38:00Z,Medtronic,Dual Chamber MRI Surescan Pacemaker,PSM482917,6/20/2025,3,10.2,Normal,589,0.72,3.7,Stable,657,0.89,8.8,Stable,DDDR,60,130,150,35,92,57,0,0,0,,0,,,,,,2025-06-21T20:00:00Z,Good,Successful
PE-0046,2025-06-21T20:23:00Z,Medtronic,Dual Chamber MRI Surescan Pacemaker,PSM482917,6/20/2025,3.02,10.1,Normal,590,0.74,3.7,Stable,670,0.68,9,Stable,DDDR,60,130,150,29,94,56,0,0,0,,0,,,,,,2025-06-21T21:00:00Z,Good,Successful
PE-0047,2025-06-21T21:33:00Z,Medtronic,Dual Chamber MRI Surescan Pacemaker,PSM482917,6/20/2025,3,10.2,Normal,566,0.6,3.5,Stable,637,0.89,9.2,Stable,DDDR,60,130,150,37,98,60,0,0,0,,0,,,,,,2025-06-21T22:00:00Z,Good,Successful
PE-0048,2025-06-21T22:38:00Z,Medtronic,Dual Chamber MRI Surescan Pacemaker,PSM482917,6/20/2025,3.01,10.2,Normal,569,0.68,3.5,Stable,645,0.92,8.9,Stable,DDDR,60,130,150,38,86,49,0,0,0,,0,,,,,,2025-06-21T23:00:00Z,Excellent,Successful
PE-0049,2025-06-21T23:22:00Z,Medtronic,Dual Chamber MRI Surescan Pacemaker,PSM482917,6/20/2025,3.02,10.2,Normal,551,0.8,3.6,Stable,640,0.82,8.7,Stable,DDDR,60,130,150,37,97,51,0,0,0,,0,,,,,,2025-06-22T00:00:00Z,Good,Successful
PE-0050,2025-06-22T00:34:00Z,Medtronic,Dual Chamber MRI Surescan Pacemaker,PSM482917,6/20/2025,3,10.2,Normal,575,0.71,3.9,Stable,637,0.97,8.5,Stable,DDDR,60,130,150,45,81,50,0,0,0,,0,,,,,,2025-06-22T01:00:00Z,Excellent,Successful
PE-0051,2025-06-22T01:32:00Z,Medtronic,Dual Chamber MRI Surescan Pacemaker,PSM482917,6/20/2025,3.01,10.2,Normal,556,0.63,3.5,Stable,628,0.85,9.2,Stable,DDDR,60,130,150,47,85,49,0,0,0,,0,,,,,,2025-06-22T02:00:00Z,Excellent,Successful
PE-0052,2025-06-22T02:24:00Z,Medtronic,Dual Chamber MRI Surescan Pacemaker,PSM482917,6/20/2025,3.01,10.2,Normal,547,0.66,3.5,Stable,618,0.83,8.6,Stable,DDDR,60,130,150,39,93,68,0,0,0,,0,,,,,,2025-06-22T03:00:00Z,Good,Successful
PE-0053,2025-06-22T03:32:00Z,Medtronic,Dual Chamber MRI Surescan Pacemaker,PSM482917,6/20/2025,3.01,10.2,Normal,564,0.71,3.6,Stable,595,0.84,8.6,Stable,DDDR,60,130,150,43,99,65,0,0,0,,0,,,,,,2025-06-22T04:00:00Z,Good,Successful
PE-0054,2025-06-22T04:37:00Z,Medtronic,Dual Chamber MRI Surescan Pacemaker,PSM482917,6/20/2025,3.02,10.1,Normal,556,0.74,3.6,Stable,640,0.85,8.7,Stable,DDDR,60,130,150,41,88,63,0,0,0,,0,,,,,,2025-06-22T05:00:00Z,Good,Successful
PE-0055,2025-06-22T05:21:00Z,Medtronic,Dual Chamber MRI Surescan Pacemaker,PSM482917,6/20/2025,3.01,10.2,Normal,563,0.76,3.7,Stable,637,0.89,7.9,Stable,DDDR,60,130,150,49,88,60,0,0,0,,0,,,,,,2025-06-22T06:00:00Z,Excellent,Successful
PE-0056,2025-06-22T06:32:00Z,Medtronic,Dual Chamber MRI Surescan Pacemaker,PSM482917,6/20/2025,3,10.2,Normal,560,0.79,3.4,Stable,654,0.87,9.8,Stable,DDDR,60,130,150,40,92,62,0,0,0,,0,,,,,,2025-06-22T07:00:00Z,Excellent,Successful
PE-0057,2025-06-22T07:26:00Z,Medtronic,Dual Chamber MRI Surescan Pacemaker,PSM482917,6/20/2025,3.02,10.2,Normal,565,0.72,3.8,Stable,635,0.89,8.7,Stable,DDDR,60,130,150,40,92,63,0,0,0,,0,,,,,,2025-06-22T08:00:00Z,Excellent,Successful
PE-0058,2025-06-22T08:31:00Z,Medtronic,Dual Chamber MRI Surescan Pacemaker,PSM482917,6/20/2025,3.04,10.2,Normal,562,0.74,3.6,Stable,608,0.87,8.7,Stable,DDDR,60,130,150,38,89,55,0,0,0,,0,,,,,,2025-06-22T09:00:00Z,Excellent,Successful
PE-0059,2025-06-22T09:29:00Z,Medtronic,Dual Chamber MRI Surescan Pacemaker,PSM482917,6/20/2025,3.02,10.1,Normal,588,0.79,3.8,Stable,652,0.87,8.4,Stable,DDDR,60,130,150,47,89,61,0,0,0,,0,,,,,,2025-06-22T10:00:00Z,Good,Successful
PE-0060,2025-06-22T10:29:00Z,Medtronic,Dual Chamber MRI Surescan Pacemaker,PSM482917,6/20/2025,3.02,10.1,Normal,571,0.8,3.7,Stable,682,0.76,8.6,Stable,DDDR,60,130,150,33,84,47,0,0,0,,0,,,,,,2025-06-22T11:00:00Z,Fair,Successful
PE-0061,2025-06-22T11:24:00Z,Medtronic,Dual Chamber MRI Surescan Pacemaker,PSM482917,6/20/2025,3.01,10.2,Normal,555,0.7,3.7,Stable,632,0.92,8.9,Stable,DDDR,60,130,150,36,93,67,0,0,0,,0,,,,,,2025-06-22T12:00:00Z,Good,Successful
PE-0062,2025-06-22T12:24:00Z,Medtronic,Dual Chamber MRI Surescan Pacemaker,PSM482917,6/20/2025,3.01,10.1,Normal,568,0.71,3.5,Stable,654,0.92,8.1,Stable,DDDR,60,130,150,34,91,60,0,0,0,,0,,,,,,2025-06-22T13:00:00Z,Good,Successful
PE-0063,2025-06-22T13:27:00Z,Medtronic,Dual Chamber MRI Surescan Pacemaker,PSM482917,6/20/2025,2.99,10.2,Normal,551,0.79,3.4,Stable,660,0.97,8.6,Stable,DDDR,60,130,150,48,84,58,0,0,0,,0,,,,,,2025-06-22T14:00:00Z,Good,Successful
PE-0064,2025-06-22T14:24:00Z,Medtronic,Dual Chamber MRI Surescan Pacemaker,PSM482917,6/20/2025,3.01,10.1,Normal,560,0.72,3.6,Stable,621,0.84,8.3,Stable,DDDR,60,130,150,51,89,56,0,0,0,,0,,,,,,2025-06-22T15:00:00Z,Good,Successful
PE-0065,2025-06-22T15:35:00Z,Medtronic,Dual Chamber MRI Surescan Pacemaker,PSM482917,6/20/2025,3.01,10.2,Normal,545,0.66,3.6,Stable,623,0.94,9.3,Stable,DDDR,60,130,150,43,96,45,0,0,0,,0,,,,,,2025-06-22T16:00:00Z,Good,Successful
PE-0066,2025-06-22T16:21:00Z,Medtronic,Dual Chamber MRI Surescan Pacemaker,PSM482917,6/20/2025,3.02,10.1,Normal,545,0.73,3.5,Stable,650,0.9,9.5,Stable,DDDR,60,130,150,37,97,57,0,0,0,,0,,,,,,2025-06-22T17:00:00Z,Good,Successful
PE-0067,2025-06-22T17:24:00Z,Medtronic,Dual Chamber MRI Surescan Pacemaker,PSM482917,6/20/2025,3,10.2,Normal,562,0.68,3.7,Stable,627,0.98,9,Stable,DDDR,60,130,150,43,98,64,0,0,0,,0,,,,,,2025-06-22T18:00:00Z,Excellent,Successful
PE-0068,2025-06-22T18:23:00Z,Medtronic,Dual Chamber MRI Surescan Pacemaker,PSM482917,6/20/2025,3.02,10.1,Normal,539,0.75,3.4,Stable,615,0.95,8.7,Stable,DDDR,60,130,150,32,93,62,0,0,0,,0,,,,,,2025-06-22T19:00:00Z,Good,Successful
PE-0069,2025-06-22T19:23:00Z,Medtronic,Dual Chamber MRI Surescan Pacemaker,PSM482917,6/20/2025,3,10.1,Normal,562,0.68,3.5,Stable,645,0.97,8.6,Stable,DDDR,60,130,150,45,95,51,0,1,0,Ventricular Tachycardia,184,2025-06-22T20:00:00Z,VENT-ARR,Ventricular arrhythmia detected,High,2025-06-22T20:00:00Z,2025-06-22T20:00:00Z,Good,Successful
PE-0070,2025-06-22T20:38:00Z,Medtronic,Dual Chamber MRI Surescan Pacemaker,PSM482917,6/20/2025,3,10.1,Normal,554,0.8,3.5,Stable,681,0.91,10,Stable,DDDR,60,130,150,54,90,63,0,0,0,,0,,,,,,2025-06-22T21:00:00Z,Fair,Successful
PE-0071,2025-06-22T21:27:00Z,Medtronic,Dual Chamber MRI Surescan Pacemaker,PSM482917,6/20/2025,3,10.2,Normal,561,0.7,3.4,Stable,611,0.9,9.4,Stable,DDDR,60,130,150,43,86,68,0,0,0,,0,,,,,,2025-06-22T22:00:00Z,Excellent,Successful
PE-0072,2025-06-22T22:38:00Z,Medtronic,Dual Chamber MRI Surescan Pacemaker,PSM482917,6/20/2025,3,10.2,Normal,571,0.7,3.5,Stable,624,0.94,9.4,Stable,DDDR,60,130,150,42,95,65,0,0,0,,0,,,,,,2025-06-22T23:00:00Z,Excellent,Successful
PE-0073,2025-06-22T23:21:00Z,Medtronic,Dual Chamber MRI Surescan Pacemaker,PSM482917,6/20/2025,2.99,10.1,Normal,575,0.72,3.3,Stable,648,0.98,8.5,Stable,DDDR,60,130,150,32,82,68,0,0,0,,0,,,,,,2025-06-23T00:00:00Z,Excellent,Successful
PE-0074,2025-06-23T00:38:00Z,Medtronic,Dual Chamber MRI Surescan Pacemaker,PSM482917,6/20/2025,3.01,10.2,Normal,566,0.63,3.6,Stable,628,0.9,8.8,Stable,DDDR,60,130,150,47,90,64,7.5,0,0,Atrial Fibrillation,133,2025-06-23T01:00:00Z,ATRIAL-TACHY,Atrial tachyarrhythmia detected,Low,2025-06-23T01:00:00Z,2025-06-23T01:00:00Z,Fair,Successful
PE-0075,2025-06-23T01:27:00Z,Medtronic,Dual Chamber MRI Surescan Pacemaker,PSM482917,6/20/2025,3.01,10.1,Normal,547,0.73,3.9,Stable,632,0.86,8.8,Stable,DDDR,60,130,150,43,91,66,0,0,0,,0,,,,,,2025-06-23T02:00:00Z,Good,Successful
PE-0076,2025-06-23T02:34:00Z,Medtronic,Dual Chamber MRI Surescan Pacemaker,PSM482917,6/20/2025,3.02,10.1,Normal,570,0.76,3.6,Stable,635,0.92,8.1,Stable,DDDR,60,130,150,41,91,53,0,0,0,,0,,,,,,2025-06-23T03:00:00Z,Excellent,Successful
PE-0077,2025-06-23T03:33:00Z,Medtronic,Dual Chamber MRI Surescan Pacemaker,PSM482917,6/20/2025,3.01,10.2,Normal,582,0.57,3.6,Stable,632,0.92,8.9,Stable,DDDR,60,130,150,35,87,56,7.3,0,0,Atrial Fibrillation,70,2025-06-23T04:00:00Z,ATRIAL-TACHY,Atrial tachyarrhythmia detected,Low,2025-06-23T04:00:00Z,2025-06-23T04:00:00Z,Good,Successful
PE-0078,2025-06-23T04:36:00Z,Medtronic,Dual Chamber MRI Surescan Pacemaker,PSM482917,6/20/2025,3.01,10.2,Normal,565,0.69,3.5,Stable,635,0.84,9.7,Stable,DDDR,60,130,150,42,90,48,0,0,0,,0,,,,,,2025-06-23T05:00:00Z,Fair,Successful
PE-0079,2025-06-23T05:26:00Z,Medtronic,Dual Chamber MRI Surescan Pacemaker,PSM482917,6/20/2025,2.99,10.1,Normal,532,0.71,3.8,Stable,629,0.84,9.1,Stable,DDDR,60,130,150,31,98,65,0,0,0,,0,,,,,,2025-06-23T06:00:00Z,Good,Successful
PE-0080,2025-06-23T06:40:00Z,Medtronic,Dual Chamber MRI Surescan Pacemaker,PSM482917,6/20/2025,3.01,10.1,Normal,541,0.69,3.6,Stable,654,0.88,8.7,Stable,DDDR,60,130,150,47,97,62,0,0,0,,0,,,,,,2025-06-23T07:00:00Z,Fair,Successful
PE-0081,2025-06-23T07:29:00Z,Medtronic,Dual Chamber MRI Surescan Pacemaker,PSM482917,6/20/2025,2.99,10.1,Normal,565,0.74,3.7,Stable,632,0.88,9.2,Stable,DDDR,60,130,150,41,94,62,0,0,0,,0,,,,,,2025-06-23T08:00:00Z,Fair,Successful
PE-0082,2025-06-23T08:24:00Z,Medtronic,Dual Chamber MRI Surescan Pacemaker,PSM482917,6/20/2025,3,10.2,Normal,556,0.68,3.5,Stable,627,0.93,9.7,Stable,DDDR,60,130,150,39,88,57,10,0,0,,0,,,,,,2025-06-23T09:00:00Z,Good,Successful
PE-0083,2025-06-23T09:32:00Z,Medtronic,Dual Chamber MRI Surescan Pacemaker,PSM482917,6/20/2025,3.02,10.1,Normal,594,0.69,3.9,Stable,643,0.93,8.4,Stable,DDDR,60,130,150,38,94,63,0,0,0,,0,,,,,,2025-06-23T10:00:00Z,Excellent,Successful
PE-0084,2025-06-23T10:20:00Z,Medtronic,Dual Chamber MRI Surescan Pacemaker,PSM482917,6/20/2025,3.01,10.2,Normal,553,0.7,3.6,Stable,652,0.85,8.8,Stable,DDDR,60,130,150,42,93,54,8.2,0,0,Atrial Fibrillation,353,2025-06-23T11:00:00Z,ATRIAL-TACHY,Atrial tachyarrhythmia detected,Low,2025-06-23T11:00:00Z,2025-06-23T11:00:00Z,Good,Successful
PE-0085,2025-06-23T11:20:00Z,Medtronic,Dual Chamber MRI Surescan Pacemaker,PSM482917,6/20/2025,2.98,10.1,Normal,557,0.73,3.4,Stable,646,0.84,7.8,Stable,DDDR,60,130,150,28,96,57,0,0,0,,0,,,,,,2025-06-23T12:00:00Z,Excellent,Successful
PE-0086,2025-06-23T12:30:00Z,Medtronic,Dual Chamber MRI Surescan Pacemaker,PSM482917,6/20/2025,2.99,10.1,Normal,568,0.65,3.8,Stable,649,0.82,8.5,Stable,DDDR,60,130,150,43,83,50,0,0,0,,0,,,,,,2025-06-23T13:00:00Z,Excellent,Successful
PE-0087,2025-06-23T13:32:00Z,Medtronic,Dual Chamber MRI Surescan Pacemaker,PSM482917,6/20/2025,3,10.2,Normal,524,0.74,3.8,Stable,662,0.85,9.4,Stable,DDDR,60,130,150,30,85,59,5.6,0,0,Atrial Fibrillation,143,2025-06-23T14:00:00Z,,,,,2025-06-23T14:00:00Z,Excellent,Successful
PE-0088,2025-06-23T14:21:00Z,Medtronic,Dual Chamber MRI Surescan Pacemaker,PSM482917,6/20/2025,3,10.2,Normal,573,0.66,3.7,Stable,603,0.91,9.4,Stable,DDDR,60,130,150,41,92,54,0,0,0,,0,,,,,,2025-06-23T15:00:00Z,Good,Successful
PE-0089,2025-06-23T15:26:00Z,Medtronic,Dual Chamber MRI Surescan Pacemaker,PSM482917,6/20/2025,3.01,10.1,Normal,556,0.74,3.5,Stable,618,0.95,9.5,Stable,DDDR,60,130,150,41,88,62,0,0,0,,0,,,,,,2025-06-23T16:00:00Z,Good,Partial
PE-0090,2025-06-23T16:37:00Z,Medtronic,Dual Chamber MRI Surescan Pacemaker,PSM482917,6/20/2025,3.01,10.2,Normal,539,0.68,3.4,Stable,622,0.91,9.5,Stable,DDDR,60,130,150,35,84,67,0,0,0,,0,,,,,,2025-06-23T17:00:00Z,Good,Successful
PE-0091,2025-06-23T17:27:00Z,Medtronic,Dual Chamber MRI Surescan Pacemaker,PSM482917,6/20/2025,3.01,10.2,Normal,554,0.61,3.6,Stable,617,0.92,9.3,Stable,DDDR,60,130,150,39,94,51,0,0,0,,0,,,,,,2025-06-23T18:00:00Z,Good,Successful
PE-0092,2025-06-23T18:33:00Z,Medtronic,Dual Chamber MRI Surescan Pacemaker,PSM482917,6/20/2025,3.01,10.1,Normal,578,0.72,3.4,Stable,642,0.82,8.5,Stable,DDDR,60,130,150,34,92,55,0,0,0,,0,,,,,,2025-06-23T19:00:00Z,Good,Successful
PE-0093,2025-06-23T19:32:00Z,Medtronic,Dual Chamber MRI Surescan Pacemaker,PSM482917,6/20/2025,3,10.1,Normal,564,0.68,3.6,Stable,641,0.95,7.9,Stable,DDDR,60,130,150,45,80,61,0,1,0,Ventricular Tachycardia,167,2025-06-23T20:00:00Z,VENT-ARR,Ventricular arrhythmia detected,High,2025-06-23T20:00:00Z,2025-06-23T20:00:00Z,Good,Successful
PE-0094,2025-06-23T20:34:00Z,Medtronic,Dual Chamber MRI Surescan Pacemaker,PSM482917,6/20/2025,3,10.2,Normal,519,0.74,3.5,Stable,661,0.92,9,Stable,DDDR,60,130,150,38,95,56,0,0,0,,0,,,,,,2025-06-23T21:00:00Z,Excellent,Successful
PE-0095,2025-06-23T21:30:00Z,Medtronic,Dual Chamber MRI Surescan Pacemaker,PSM482917,6/20/2025,3.01,10.1,Normal,567,0.73,3.7,Stable,637,0.92,8.7,Stable,DDDR,60,130,150,32,93,62,0,0,0,,0,,,,,,2025-06-23T22:00:00Z,Fair,Successful
PE-0096,2025-06-23T22:22:00Z,Medtronic,Dual Chamber MRI Surescan Pacemaker,PSM482917,6/20/2025,3.01,10.2,Normal,555,0.75,3.5,Stable,618,0.9,9.7,Stable,DDDR,60,130,150,35,89,60,0,0,0,,0,,,,,,2025-06-23T23:00:00Z,Good,Successful
PE-0097,2025-06-23T23:31:00Z,Medtronic,Dual Chamber MRI Surescan Pacemaker,PSM482917,6/20/2025,3.02,10.1,Normal,563,0.73,3.8,Stable,667,0.92,7.8,Stable,DDDR,60,130,150,39,90,53,0,0,0,,0,,,,,,2025-06-24T00:00:00Z,Good,Successful
PE-0098,2025-06-24T00:31:00Z,Medtronic,Dual Chamber MRI Surescan Pacemaker,PSM482917,6/20/2025,3,10.2,Normal,541,0.75,3.6,Stable,662,0.9,8.9,Stable,DDDR,60,130,150,40,96,64,0,0,0,,0,,,,,,2025-06-24T01:00:00Z,Good,Successful
PE-0099,2025-06-24T01:26:00Z,Medtronic,Dual Chamber MRI Surescan Pacemaker,PSM482917,6/20/2025,3.01,10.2,Normal,575,0.75,3.2,Stable,645,0.89,8.7,Stable,DDDR,60,130,150,40,87,52,0,0,0,,0,,,,,,2025-06-24T02:00:00Z,Good,Successful
PE-0100,2025-06-24T02:25:00Z,Medtronic,Dual Chamber MRI Surescan Pacemaker,PSM482917,6/20/2025,3.02,10.1,Normal,575,0.76,3.5,Stable,674,0.98,8.5,Stable,DDDR,60,130,150,46,90,76,7.4,0,0,,0,,,,,,2025-06-24T03:00:00Z,Fair,Successful
PE-0101,2025-06-24T03:30:00Z,Medtronic,Dual Chamber MRI Surescan Pacemaker,PSM482917,6/20/2025,2.99,10.2,Normal,562,0.64,3.5,Stable,693,0.87,8.1,Stable,DDDR,60,130,150,52,94,62,0,0,0,,0,,,,,,2025-06-24T04:00:00Z,Good,Partial
PE-0102,2025-06-24T04:28:00Z,Medtronic,Dual Chamber MRI Surescan Pacemaker,PSM482917,6/20/2025,3.01,10.1,Normal,560,0.74,3.6,Stable,630,0.91,9.3,Stable,DDDR,60,130,150,40,92,60,0,0,0,,0,,,,,,2025-06-24T05:00:00Z,Good,Successful
PE-0103,2025-06-24T05:33:00Z,Medtronic,Dual Chamber MRI Surescan Pacemaker,PSM482917,6/20/2025,2.99,10.2,Normal,577,0.79,3.5,Stable,629,0.85,8.6,Stable,DDDR,60,130,150,36,95,58,0,0,0,,0,,,,,,2025-06-24T06:00:00Z,Good,Successful
PE-0104,2025-06-24T06:36:00Z,Medtronic,Dual Chamber MRI Surescan Pacemaker,PSM482917,6/20/2025,3.02,10.2,Normal,567,0.67,3.9,Stable,656,0.93,8.7,Stable,DDDR,60,130,150,50,97,62,0,0,0,,0,,,,,,2025-06-24T07:00:00Z,Good,Successful
PE-0105,2025-06-24T07:29:00Z,Medtronic,Dual Chamber MRI Surescan Pacemaker,PSM482917,6/20/2025,3.02,10.2,Normal,556,0.73,3.8,Stable,635,0.87,7.6,Stable,DDDR,60,130,150,50,87,64,0,0,0,,0,,,,,,2025-06-24T08:00:00Z,Good,Successful
PE-0106,2025-06-24T08:39:00Z,Medtronic,Dual Chamber MRI Surescan Pacemaker,PSM482917,6/20/2025,3.02,10.2,Normal,557,0.78,3.4,Stable,656,0.92,9.4,Stable,DDDR,60,130,150,35,94,62,0,0,0,,0,,,,,,2025-06-24T09:00:00Z,Fair,Successful
PE-0107,2025-06-24T09:35:00Z,Medtronic,Dual Chamber MRI Surescan Pacemaker,PSM482917,6/20/2025,3.02,10.1,Normal,567,0.74,3.5,Stable,655,0.91,8.9,Stable,DDDR,60,130,150,54,91,46,0,0,0,,0,,,,,,2025-06-24T10:00:00Z,Fair,Partial
PE-0108,2025-06-24T10:25:00Z,Medtronic,Dual Chamber MRI Surescan Pacemaker,PSM482917,6/20/2025,3.01,10.2,Normal,588,0.67,3.7,Stable,631,0.85,9,Stable,DDDR,60,130,150,38,94,53,0,0,0,,0,,,,,,2025-06-24T11:00:00Z,Good,Successful
PE-0109,2025-06-24T11:36:00Z,Medtronic,Dual Chamber MRI Surescan Pacemaker,PSM482917,6/20/2025,2.99,10.3,Normal,553,0.69,3.2,Stable,660,1.05,8.5,Stable,DDDR,60,130,150,45,95,60,0,0,0,,0,,,,,,2025-06-24T12:00:00Z,Good,Successful
PE-0110,2025-06-24T12:28:00Z,Medtronic,Dual Chamber MRI Surescan Pacemaker,PSM482917,6/20/2025,3.01,10.2,Normal,554,0.77,3.8,Stable,655,0.87,8.8,Stable,DDDR,60,130,150,28,84,59,0,0,0,,0,,,,,,2025-06-24T13:00:00Z,Excellent,Successful
PE-0111,2025-06-24T13:39:00Z,Medtronic,Dual Chamber MRI Surescan Pacemaker,PSM482917,6/20/2025,3.01,10.2,Normal,572,0.66,3.6,Stable,636,0.93,8.7,Stable,DDDR,60,130,150,38,84,61,0,0,0,,0,,,,,,2025-06-24T14:00:00Z,Fair,Successful
PE-0112,2025-06-24T14:20:00Z,Medtronic,Dual Chamber MRI Surescan Pacemaker,PSM482917,6/20/2025,3,10.2,Normal,552,0.75,3.7,Stable,662,0.94,9.9,Stable,DDDR,60,130,150,47,97,53,0,0,0,,0,,,,,,2025-06-24T15:00:00Z,Excellent,Successful
PE-0113,2025-06-24T15:28:00Z,Medtronic,Dual Chamber MRI Surescan Pacemaker,PSM482917,6/20/2025,3,10.1,Normal,546,0.75,3.7,Stable,697,0.83,9.6,Stable,DDDR,60,130,150,31,91,49,0,0,0,,0,,,,,,2025-06-24T16:00:00Z,Excellent,Successful
PE-0114,2025-06-24T16:39:00Z,Medtronic,Dual Chamber MRI Surescan Pacemaker,PSM482917,6/20/2025,3,10.1,Normal,544,0.73,3.8,Stable,655,0.92,9.5,Stable,DDDR,60,130,150,36,91,63,0,0,0,,0,,,,,,2025-06-24T17:00:00Z,Fair,Failed
PE-0115,2025-06-24T17:38:00Z,Medtronic,Dual Chamber MRI Surescan Pacemaker,PSM482917,6/20/2025,3,10.2,Normal,582,0.74,3.5,Stable,616,0.87,8.8,Stable,DDDR,60,130,150,46,90,65,0,0,0,,0,,,,,,2025-06-24T18:00:00Z,Good,Successful
PE-0116,2025-06-24T18:20:00Z,Medtronic,Dual Chamber MRI Surescan Pacemaker,PSM482917,6/20/2025,2.99,10.1,Normal,547,0.71,3.7,Stable,636,0.85,8.8,Stable,DDDR,60,130,150,41,94,48,0,0,0,,0,,,,,,2025-06-24T19:00:00Z,Good,Successful
PE-0117,2025-06-24T19:24:00Z,Medtronic,Dual Chamber MRI Surescan Pacemaker,PSM482917,6/20/2025,3.01,10.2,Normal,557,0.72,3.7,Stable,633,0.87,8.6,Stable,DDDR,60,130,150,40,92,66,0,0,0,,0,,,,,,2025-06-24T20:00:00Z,Good,Successful
PE-0118,2025-06-24T20:27:00Z,Medtronic,Dual Chamber MRI Surescan Pacemaker,PSM482917,6/20/2025,3,10,Normal,538,0.71,3.5,Stable,627,1.12,8.7,Stable,DDDR,60,130,150,37,88,64,0,0,0,,0,,,,,,2025-06-24T21:00:00Z,Good,Successful
PE-0119,2025-06-24T21:37:00Z,Medtronic,Dual Chamber MRI Surescan Pacemaker,PSM482917,6/20/2025,3,10.1,Normal,559,0.71,3.7,Stable,651,0.93,9.1,Stable,DDDR,60,130,150,39,99,60,0,0,0,,0,,,,,,2025-06-24T22:00:00Z,Good,Successful
PE-0120,2025-06-24T22:33:00Z,Medtronic,Dual Chamber MRI Surescan Pacemaker,PSM482917,6/20/2025,3.01,10.2,Normal,554,0.63,3.2,Stable,676,0.86,8.6,Stable,DDDR,60,130,150,50,88,62,0,0,0,,0,,,,,,2025-06-24T23:00:00Z,Excellent,Successful
PE-0121,2025-06-24T23:33:00Z,Medtronic,Dual Chamber MRI Surescan Pacemaker,PSM482917,6/20/2025,3.01,10,Normal,557,0.71,3.9,Stable,645,0.9,8.8,Stable,DDDR,60,130,150,39,96,55,0,0,0,,0,,,,,,2025-06-25T00:00:00Z,Fair,Successful
PE-0122,2025-06-25T00:26:00Z,Medtronic,Dual Chamber MRI Surescan Pacemaker,PSM482917,6/20/2025,2.99,10.2,Normal,554,0.74,3.6,Stable,623,0.95,9.6,Stable,DDDR,60,130,150,42,92,59,0,0,0,,0,,,,,,2025-06-25T01:00:00Z,Good,Successful
PE-0123,2025-06-25T01:28:00Z,Medtronic,Dual Chamber MRI Surescan Pacemaker,PSM482917,6/20/2025,3.01,10.2,Normal,561,0.7,3.7,Stable,650,0.98,8.5,Stable,DDDR,60,130,150,44,91,58,0,0,0,,0,,,,,,2025-06-25T02:00:00Z,Excellent,Successful
PE-0124,2025-06-25T02:32:00Z,Medtronic,Dual Chamber MRI Surescan Pacemaker,PSM482917,6/20/2025,3.01,10.2,Normal,557,0.68,3.6,Stable,619,0.92,8.4,Stable,DDDR,60,130,150,47,97,47,0,0,0,,0,,,,,,2025-06-25T03:00:00Z,Good,Successful
PE-0125,2025-06-25T03:20:00Z,Medtronic,Dual Chamber MRI Surescan Pacemaker,PSM482917,6/20/2025,3.01,10,Normal,557,0.73,3.7,Stable,657,0.87,7.8,Stable,DDDR,60,130,150,35,88,52,0,0,0,,0,,,,,,2025-06-25T04:00:00Z,Excellent,Successful
PE-0126,2025-06-25T04:36:00Z,Medtronic,Dual Chamber MRI Surescan Pacemaker,PSM482917,6/20/2025,3.01,10.1,Normal,550,0.64,3.9,Stable,645,0.94,9.2,Stable,DDDR,60,130,150,40,94,59,0,0,0,,0,,,,,,2025-06-25T05:00:00Z,Fair,Successful
PE-0127,2025-06-25T05:30:00Z,Medtronic,Dual Chamber MRI Surescan Pacemaker,PSM482917,6/20/2025,3,10.2,Normal,550,0.59,3.8,Stable,631,0.85,9.6,Stable,DDDR,60,130,150,31,97,62,0,0,0,,0,,,,,,2025-06-25T06:00:00Z,Good,Successful
PE-0128,2025-06-25T06:39:00Z,Medtronic,Dual Chamber MRI Surescan Pacemaker,PSM482917,6/20/2025,3,10.2,Normal,573,0.71,3.8,Stable,626,0.84,9.6,Stable,DDDR,60,130,150,45,90,64,0,0,0,,0,,,,,,2025-06-25T07:00:00Z,Good,Successful
PE-0129,2025-06-25T07:33:00Z,Medtronic,Dual Chamber MRI Surescan Pacemaker,PSM482917,6/20/2025,2.99,10.1,Normal,558,0.66,3.6,Stable,648,1,8.9,Stable,DDDR,60,130,150,29,84,58,0,0,0,,0,,,,,,2025-06-25T08:00:00Z,Excellent,Successful
PE-0130,2025-06-25T08:39:00Z,Medtronic,Dual Chamber MRI Surescan Pacemaker,PSM482917,6/20/2025,3,10.1,Normal,578,0.63,3.9,Stable,662,0.84,8.5,Stable,DDDR,60,130,150,28,88,60,0,0,0,,0,,,,,,2025-06-25T09:00:00Z,Good,Successful
PE-0131,2025-06-25T09:36:00Z,Medtronic,Dual Chamber MRI Surescan Pacemaker,PSM482917,6/20/2025,3,10.2,Normal,554,0.68,3.7,Stable,665,0.92,9.8,Stable,DDDR,60,130,150,38,91,49,0,0,0,,0,,,,,,2025-06-25T10:00:00Z,Fair,Successful
PE-0132,2025-06-25T10:38:00Z,Medtronic,Dual Chamber MRI Surescan Pacemaker,PSM482917,6/20/2025,2.99,10,Normal,552,0.69,3.5,Stable,643,1.02,8.7,Stable,DDDR,60,130,150,41,89,55,0,0,0,,0,,,,,,2025-06-25T11:00:00Z,Excellent,Successful
PE-0133,2025-06-25T11:35:00Z,Medtronic,Dual Chamber MRI Surescan Pacemaker,PSM482917,6/20/2025,3.01,10.2,Normal,576,0.76,3.6,Stable,646,0.96,8.9,Stable,DDDR,60,130,150,38,93,46,0,0,0,,0,,,,,,2025-06-25T12:00:00Z,Good,Successful
PE-0134,2025-06-25T12:25:00Z,Medtronic,Dual Chamber MRI Surescan Pacemaker,PSM482917,6/20/2025,3,10,Normal,558,0.71,3.2,Stable,637,0.79,8.2,Stable,DDDR,60,130,150,41,83,71,0,0,0,,0,,,,,,2025-06-25T13:00:00Z,Good,Successful
PE-0135,2025-06-25T13:23:00Z,Medtronic,Dual Chamber MRI Surescan Pacemaker,PSM482917,6/20/2025,2.99,10.1,Normal,556,0.74,3.7,Stable,623,0.95,8.5,Stable,DDDR,60,130,150,42,82,48,0,0,0,,0,,,,,,2025-06-25T14:00:00Z,Excellent,Successful
PE-0136,2025-06-25T14:33:00Z,Medtronic,Dual Chamber MRI Surescan Pacemaker,PSM482917,6/20/2025,2.98,10.1,Normal,555,0.74,3.8,Stable,626,0.83,8.9,Stable,DDDR,60,130,150,30,85,57,0,0,0,,0,,,,,,2025-06-25T15:00:00Z,Excellent,Successful
PE-0137,2025-06-25T15:28:00Z,Medtronic,Dual Chamber MRI Surescan Pacemaker,PSM482917,6/20/2025,2.99,10.2,Normal,581,0.72,3.3,Stable,665,0.85,8.4,Stable,DDDR,60,130,150,48,92,64,0,0,0,,0,,,,,,2025-06-25T16:00:00Z,Fair,Successful
PE-0138,2025-06-25T16:40:00Z,Medtronic,Dual Chamber MRI Surescan Pacemaker,PSM482917,6/20/2025,3,10.2,Normal,561,0.72,3.8,Stable,627,0.96,8,Stable,DDDR,60,130,150,43,91,67,0,0,0,,0,,,,,,2025-06-25T17:00:00Z,Excellent,Successful
PE-0139,2025-06-25T17:34:00Z,Medtronic,Dual Chamber MRI Surescan Pacemaker,PSM482917,6/20/2025,2.99,10.1,Normal,570,0.68,3.6,Stable,668,0.97,8.2,Stable,DDDR,60,130,150,43,89,52,0,0,0,,0,,,,,,2025-06-25T18:00:00Z,Excellent,Successful
PE-0140,2025-06-25T18:31:00Z,Medtronic,Dual Chamber MRI Surescan Pacemaker,PSM482917,6/20/2025,2.98,10.1,Normal,576,0.69,3.7,Stable,630,0.96,8.3,Stable,DDDR,60,130,150,46,85,57,0,0,0,,0,,,,,,2025-06-25T19:00:00Z,Good,Successful
PE-0141,2025-06-25T19:39:00Z,Medtronic,Dual Chamber MRI Surescan Pacemaker,PSM482917,6/20/2025,3,10.1,Normal,567,0.72,3.7,Stable,611,1.05,8.8,Stable,DDDR,60,130,150,49,87,59,0,0,0,,0,,,,,,2025-06-25T20:00:00Z,Excellent,Successful
PE-0142,2025-06-25T20:32:00Z,Medtronic,Dual Chamber MRI Surescan Pacemaker,PSM482917,6/20/2025,2.99,10.1,Normal,544,0.71,3.7,Stable,630,0.99,9.2,Stable,DDDR,60,130,150,32,91,61,0,0,0,,0,,,,,,2025-06-25T21:00:00Z,Good,Successful
PE-0143,2025-06-25T21:21:00Z,Medtronic,Dual Chamber MRI Surescan Pacemaker,PSM482917,6/20/2025,2.99,10.2,Normal,566,0.86,3.6,Stable,646,0.95,8.9,Stable,DDDR,60,130,150,39,92,55,0,0,0,,0,,,,,,2025-06-25T22:00:00Z,Good,Successful
PE-0144,2025-06-25T22:26:00Z,Medtronic,Dual Chamber MRI Surescan Pacemaker,PSM482917,6/20/2025,2.98,10.1,Normal,580,0.72,3.4,Stable,637,0.9,9.1,Stable,DDDR,60,130,150,38,90,58,8.1,0,0,Atrial Fibrillation,92,2025-06-25T23:00:00Z,ATRIAL-TACHY,Atrial tachyarrhythmia detected,Low,2025-06-25T23:00:00Z,2025-06-25T23:00:00Z,Good,Successful
PE-0145,2025-06-25T23:29:00Z,Medtronic,Dual Chamber MRI Surescan Pacemaker,PSM482917,6/20/2025,3,10.1,Normal,573,0.67,3.5,Stable,650,0.95,9,Stable,DDDR,60,130,150,35,93,61,0,0,0,,0,,,,,,2025-06-26T00:00:00Z,Good,Successful
PE-0146,2025-06-26T00:26:00Z,Medtronic,Dual Chamber MRI Surescan Pacemaker,PSM482917,6/20/2025,2.98,10.1,Normal,564,0.65,3.8,Stable,679,1.03,8.7,Stable,DDDR,60,130,150,49,83,50,0,0,0,,0,,,,,,2025-06-26T01:00:00Z,Excellent,Successful
PE-0147,2025-06-26T01:31:00Z,Medtronic,Dual Chamber MRI Surescan Pacemaker,PSM482917,6/20/2025,2.99,10.1,Normal,552,0.63,3.3,Stable,646,0.93,8.6,Stable,DDDR,60,130,150,56,94,71,0,0,0,,0,,,,,,2025-06-26T02:00:00Z,Fair,Successful
PE-0148,2025-06-26T02:38:00Z,Medtronic,Dual Chamber MRI Surescan Pacemaker,PSM482917,6/20/2025,3.01,10.1,Normal,574,0.77,3.7,Stable,640,0.89,9,Stable,DDDR,60,130,150,44,84,67,0,0,0,,0,,,,,,2025-06-26T03:00:00Z,Excellent,Successful
PE-0149,2025-06-26T03:27:00Z,Medtronic,Dual Chamber MRI Surescan Pacemaker,PSM482917,6/20/2025,3.01,10.1,Normal,533,0.65,3.7,Stable,631,0.83,8.8,Stable,DDDR,60,130,150,38,91,50,0,0,0,,0,,,,,,2025-06-26T04:00:00Z,Good,Successful
PE-0150,2025-06-26T04:24:00Z,Medtronic,Dual Chamber MRI Surescan Pacemaker,PSM482917,6/20/2025,2.99,10.1,Normal,576,0.74,3.4,Stable,636,0.89,8.5,Stable,DDDR,60,130,150,41,80,58,0,0,0,,0,,,,,,2025-06-26T05:00:00Z,Good,Successful
PE-0151,2025-06-26T05:35:00Z,Medtronic,Dual Chamber MRI Surescan Pacemaker,PSM482917,6/20/2025,2.96,10.1,Normal,579,0.74,3.8,Stable,670,0.98,9.2,Stable,DDDR,60,130,150,45,93,57,0,0,0,,0,,,,,,2025-06-26T06:00:00Z,Excellent,Successful
PE-0152,2025-06-26T06:24:00Z,Medtronic,Dual Chamber MRI Surescan Pacemaker,PSM482917,6/20/2025,3,10.1,Normal,547,0.66,3.8,Stable,661,0.98,9.8,Stable,DDDR,60,130,150,41,84,70,0,0,0,,0,,,,,,2025-06-26T07:00:00Z,Excellent,Successful
PE-0153,2025-06-26T07:38:00Z,Medtronic,Dual Chamber MRI Surescan Pacemaker,PSM482917,6/20/2025,2.98,10,Normal,562,0.72,3.8,Stable,670,0.95,8.4,Stable,DDDR,60,130,150,27,97,64,0,0,0,,0,,,,,,2025-06-26T08:00:00Z,Fair,Successful
PE-0154,2025-06-26T08:31:00Z,Medtronic,Dual Chamber MRI Surescan Pacemaker,PSM482917,6/20/2025,2.98,10.1,Normal,533,0.75,3.7,Stable,645,0.86,9,Stable,DDDR,60,130,150,43,88,58,0,0,0,,0,,,,,,2025-06-26T09:00:00Z,Good,Successful
PE-0155,2025-06-26T09:36:00Z,Medtronic,Dual Chamber MRI Surescan Pacemaker,PSM482917,6/20/2025,3,10.1,Normal,559,0.61,3.6,Stable,629,0.93,8.8,Stable,DDDR,60,130,150,39,96,60,0,0,0,,0,,,,,,2025-06-26T10:00:00Z,Good,Successful
PE-0156,2025-06-26T10:22:00Z,Medtronic,Dual Chamber MRI Surescan Pacemaker,PSM482917,6/20/2025,2.97,10.1,Normal,551,0.73,3.5,Stable,641,0.87,8.4,Stable,DDDR,60,130,150,47,97,59,7.5,0,0,Atrial Fibrillation,221,2025-06-26T11:00:00Z,ATRIAL-TACHY,Atrial tachyarrhythmia detected,Low,2025-06-26T11:00:00Z,2025-06-26T11:00:00Z,Good,Successful
PE-0157,2025-06-26T11:22:00Z,Medtronic,Dual Chamber MRI Surescan Pacemaker,PSM482917,6/20/2025,3,10.1,Normal,540,0.76,3.9,Stable,636,0.8,8.2,Stable,DDDR,60,130,150,47,80,60,0,0,0,,0,,,,,,2025-06-26T12:00:00Z,Excellent,Successful
PE-0158,2025-06-26T12:33:00Z,Medtronic,Dual Chamber MRI Surescan Pacemaker,PSM482917,6/20/2025,3,10.2,Normal,564,0.69,3.7,Stable,666,0.93,9.3,Stable,DDDR,60,130,150,36,94,66,0,0,0,,0,,,,,,2025-06-26T13:00:00Z,Excellent,Successful
PE-0159,2025-06-26T13:31:00Z,Medtronic,Dual Chamber MRI Surescan Pacemaker,PSM482917,6/20/2025,3,10,Normal,585,0.67,3.7,Stable,654,0.79,8.8,Stable,DDDR,60,130,150,51,84,65,0,0,0,,0,,,,,,2025-06-26T14:00:00Z,Excellent,Successful
PE-0160,2025-06-26T14:32:00Z,Medtronic,Dual Chamber MRI Surescan Pacemaker,PSM482917,6/20/2025,2.99,10.2,Normal,574,0.68,3.7,Stable,607,0.89,7.9,Stable,DDDR,60,130,150,33,89,50,0,0,0,,0,,,,,,2025-06-26T15:00:00Z,Good,Successful
PE-0161,2025-06-26T15:30:00Z,Medtronic,Dual Chamber MRI Surescan Pacemaker,PSM482917,6/20/2025,2.99,10.2,Normal,554,0.57,3.5,Stable,619,0.93,10.4,Stable,DDDR,60,130,150,38,82,65,0,0,0,,0,,,,,,2025-06-26T16:00:00Z,Excellent,Successful
PE-0162,2025-06-26T16:23:00Z,Medtronic,Dual Chamber MRI Surescan Pacemaker,PSM482917,6/20/2025,2.99,10.1,Normal,582,0.66,3.4,Stable,635,0.88,8.2,Stable,DDDR,60,130,150,29,96,52,0,0,0,,0,,,,,,2025-06-26T17:00:00Z,Excellent,Successful
PE-0163,2025-06-26T17:24:00Z,Medtronic,Dual Chamber MRI Surescan Pacemaker,PSM482917,6/20/2025,2.98,10.2,Normal,574,0.72,3.3,Stable,671,0.91,8.9,Stable,DDDR,60,130,150,25,99,62,0,0,0,,0,,,,,,2025-06-26T18:00:00Z,Good,Successful
PE-0164,2025-06-26T18:35:00Z,Medtronic,Dual Chamber MRI Surescan Pacemaker,PSM482917,6/20/2025,3.01,10.1,Normal,591,0.63,3.5,Stable,628,0.97,8.2,Stable,DDDR,60,130,150,40,94,51,0,0,0,,0,,,,,,2025-06-26T19:00:00Z,Excellent,Successful
PE-0165,2025-06-26T19:28:00Z,Medtronic,Dual Chamber MRI Surescan Pacemaker,PSM482917,6/20/2025,2.99,10.1,Normal,556,0.7,3.6,Stable,643,0.87,9.1,Stable,DDDR,60,130,150,49,89,55,0,0,0,,0,,,,,,2025-06-26T20:00:00Z,Good,Successful
PE-0166,2025-06-26T20:23:00Z,Medtronic,Dual Chamber MRI Surescan Pacemaker,PSM482917,6/20/2025,2.98,10,Normal,575,0.75,3.7,Stable,647,0.85,8.9,Stable,DDDR,60,130,150,31,90,67,0,0,0,,0,,,,,,2025-06-26T21:00:00Z,Excellent,Successful
PE-0167,2025-06-26T21:37:00Z,Medtronic,Dual Chamber MRI Surescan Pacemaker,PSM482917,6/20/2025,2.99,10.2,Normal,589,0.69,3.6,Stable,650,1.03,8.7,Stable,DDDR,60,130,150,39,88,57,0,0,0,,0,,,,,,2025-06-26T22:00:00Z,Excellent,Successful
PE-0168,2025-06-26T22:35:00Z,Medtronic,Dual Chamber MRI Surescan Pacemaker,PSM482917,6/20/2025,2.3,10.1,Normal,532,0.75,3.5,Stable,651,0.83,9.1,Stable,DDDR,60,130,150,45,83,64,0,0,0,,0,,,,,,2025-06-26T23:00:00Z,Good,Successful
